author_name,author_id,citations,paper_count,h_index,institution
Chuanqi Tan,2111727840,2871,68,25,
Changliang Xu,2115472815,91,6,4,
Huajun Chen,49178307,1748,79,23,
Xiang-dong Chen,2150932110,69,6,3,
Lei Li,120975273,33,1,1,
Shumin Deng,152931849,1763,68,25,
Luo Si,2059080424,3111,116,33,
Fei Huang,2087380523,1287,48,21,
Ningyu Zhang,2608639,1974,78,26,Zhejiang University
Yueqi Xie,2154871075,148,12,6,HKUST
Sunghun Kim,2118021155,177,12,6,
Peilin Zhou,1800462890,149,17,7,
Zhenya Huang,3374015,1915,96,23,
Haoyang Bi,2046878950,46,6,2,
Shijin Wang,2144180493,573,32,11,
Qi Liu,50384171,10774,920,47,
Zhi Li,2118214458,386,27,9,
Binbin Jin,6594353,208,15,8,
Enhong Chen,2227868312,17237,546,64,
Yan Zhuang,2075333635,17,6,2,
Yong Liang Goh,1995261298,89,7,3,
See-Kiong Ng,1794527,5034,200,36,
Nicholas Lim,2067085425,89,7,3,
Bryan Hooi,2019961,3217,155,29,
Rui Tan,2052819973,22,3,2,
Renrong Weng,49361860,86,5,3,
Zhicheng Dou,1897235,3556,166,27,Renmin University of China
Kelong Mao,1580228663,268,15,6,
Hongjin Qian,1972030827,131,18,6,
Maria Heuss,2146531057,26,3,2,
F. Sarvi,49554487,812,76,15,
M. de Rijke,1696030,28595,995,75,University of Amsterdam
Yulin Pan,2111415984,12,6,2,
Yuxin Peng,143753918,5707,182,36,
Xiangteng He,153003087,751,30,12,
Yiliang Lv,2075456784,70,18,4,
Ming Tang,50627777,1916,48,21,
Yong Yu,2156098229,217,49,7,
Rui Zhang,144142354,14929,1513,55,
Jiachen Zhu,2143405615,71,11,4,Shanghai Jiao Tong University
Weiwen Liu,2130051800,411,23,7,
Weinan Zhang,2108309275,14278,289,53,
Zhirong Liu,47781389,189,18,8,
Ruiming Tang,2824766,4010,158,24,
Jiarui Qin,79494403,530,22,11,Shanghai Jiao Tong University
Bo Chen,2152687818,215,34,9,
Weili Guan,15880069,634,63,13,
C. Yeh,1752208,6321,232,38,
Xiaojun Chang,144950946,9419,213,48,
Xuemeng Song,33977299,1868,95,24,
Fangkai Jiao,1689176705,87,9,5,Shandong University
Haokun Wen,1830448435,93,8,5,
Yong Liao,2114122035,44,7,4,
Sihao Ding,2046758017,41,9,3,
Xiangnan He,7792071,27066,298,74,
Yongdong Zhang,2164724337,134,17,5,
Jinqiu Jin,2164713563,5,1,1,
Fuli Feng,2163400298,6190,139,35,
Wenjie Wang,2117833732,504,27,13,
Xianzhi Wang,2107924437,625,55,10,
L. Yao,145095579,14140,1254,54,
Julian McAuley,35660011,19253,252,53,UC San Diego
Xiaocong Chen,48283085,528,38,9,
Min Yang,2144399900,206,18,7,
Wanwei He,66583249,159,7,6,
Jian Sun,2152147863,397,22,12,China mobile research institute
Yinpei Dai,30087809,309,21,10,Alibaba Group DAMO academy
Yongbin Li,1527090216,819,76,17,
Yu Su,145244891,909,32,13,
Shuanghong Shen,1830440271,172,13,5,
Yinghui Li,2110503552,157,31,6,
Ying Shen,143822679,1350,104,22,Sun Yat-Sen University
Yuxin He,2163738241,11,3,1,
Tianyu Yu,47369404,31,4,3,
Haitao Zheng,16215052,4704,179,20,
Y. Li,98177814,11927,1193,54,
Yuxiang Zhang,2119595262,159,23,6,
Zhen Wang,2118452539,3177,18,6,
Hanshuang Tong,6735774,175,20,7,
Yun Zhou,2118116372,44,6,4,
Jiandian Zeng,8749832,279,11,6,
Tianyi Liu,2636832,150,14,6,Shanghai Jiao Tong University
Jiantao Zhou,2125555913,60,21,5,
Yida Zhao,50976845,353,13,6,
Yuqing Song,40280182,140,31,6,
Qin Jin,1721329,2217,116,20,
Xiaoming Liu,40134592,560,22,7,
Chao Shen,2154740036,12,5,2,
Zhaohan Zhang,2156119744,23,11,3,
Shaocong Wu,2112538764,99,14,5,
Weijie Yu,2118684861,40,6,4,
Jun Xu,2150636233,220,40,8,
Jirong Wen,2113341834,128,28,5,
Xu Chen,1734206,69,11,3,
Zhenhua Dong,3065080,1128,67,16,
ZhongXiang Sun,2109820280,46,10,3,Renmin University of China
Hongteng Xu,2146235527,249,30,5,
Xiaoping Zhou,50177639,54741,3182,96,
Jialin Gao,2149257316,54,11,5,
X. Wang,39849136,13240,227,29,
Qiong Liu,2165545102,9,3,2,
Xin Sun,2109230437,187,6,2,
Chenliang Li,2136338739,72,18,5,
J Wu,7162217,1202,110,17,
Binqiang Zhao,14545267,1106,32,12,
Zhihong Chen,2144309151,555,22,9,
Rong Xiao,144875143,175,37,8,
Jingxu Chen,2108523908,44,11,4,
Zheng Chai,2175276148,7,2,1,
Haihong Tang,144465837,448,28,11,
Houyi Li,2175933849,7,1,1,
Zhongzhou Zhao,41019706,279,20,8,
Dengtian Lin,2175321239,12,4,1,
Liqiang Jing,2175279662,27,11,3,
Haiqing Chen,2765043,1113,62,17,
Liqiang Nie,143982887,17494,366,58,
G. Fenu,40433308,1929,189,22,
Ludovico Boratto,1824224,1540,155,23,
Giacomo Balloccu,2163452228,19,8,2,
M. Marras,28922901,682,84,15,
Yunjia Xi,2056826850,67,10,6,
Xinyi Dai,2105646417,291,21,7,
Xilong Zhao,2163050574,30,7,4,
Rui Zhang,2163112250,97,11,5,
Jieming Zhu,2108997533,3445,74,28,
Hao Fei,46959445,1316,72,23,
Donghong Ji,145628086,1584,126,23,
Fei Li,2109530930,1014,50,19,
Shuai Zhao,2111305643,357,18,9,
Xiaohan Wang,2109074276,521,61,11,
Yezhou Yang,7607499,10524,579,47,Arizona State University
Linchao Zhu,2948393,3367,126,35,
Tat-Seng Chua,143779329,2293,143,24,
Bin Wang,1864982637,623,29,14,
Jing Ya,7172853,74,17,5,
Tingwen Liu,2079682,1116,100,19,"Institute of Information Engineering, Chinese Academy of Sciences"
Xixun Lin,46519974,234,16,8,
Jiangxia Cao,2115871859,215,18,6,"IIE,CAS"
Xin Cong,2024380701,113,13,6,
H. Yin,47064303,2127,133,27,
Yang Wang,2155651371,988,51,15,
Jing Long,2161605203,21,3,2,
Meng Wang,2146059429,212,19,8,
Quoc Viet Hung Nguyen,144133815,1964,109,24,
Tong Chen,1490931831,2039,78,26,
Xiaohang Chen,2109197810,2483,141,28,
Peng Wang,2155303586,99,5,3,
Jiangheng Wu,2145109089,5,2,1,
Yong Li,2154403289,489,34,11,
Meng Wang,2146058571,1400,34,15,
Richang Hong,48043335,15136,295,63,
Peijie Sun,2075416674,802,21,8,
Jie Shuai,48597603,184,47,8,
Kun Zhang,2119017233,667,38,15,
Le Wu,2688093,2757,103,31,
Li-zhen Cui,101457473,1910,127,20,
Junliang Yu,28584977,1196,43,15,
Xin Xia,2077454936,484,22,11,
Nguyen Quoc Viet Hung,1925773,2398,76,28,
Qinyong Wang,2108993397,1238,23,15,
Guandong Xu,2149131224,758,144,17,
Boxing Chen,2229601,1237,71,20,Alibaba Group
Zewen Chi,46221722,876,31,13,
Yi-Bo Zhu,2118339267,13,2,2,
Heyan Huang,4590286,2520,305,25,
Kai Fan,2053962725,282,28,8,
Jiaao Zhan,2160712727,7,5,2,
Yang Gao,145644809,340,21,11,Beijing Insititute of Technology
Yu Bai,144843219,79,10,4,Beijing Institute of Technology
Pengfei Wang,2108237336,1078,48,15,
Kaiyuan Li,2158260214,166,8,2,
Chenliang Li,2829009,4914,155,34,
Sameena Shah,36532736,1123,75,16,
Natraj Raman,32319713,175,25,7,
M. Veloso,2058284590,927,33,4,
Lianghao Xia,1830455155,903,39,15,
Chao Huang,2110926729,392,41,10,
Yuhao Yang,2134819645,86,23,6,
Ning Gu,39341617,1520,177,20,
T. Lu,1711569,1003,125,17,
Yingxu Wang,2108810047,54,7,5,
Dongsheng Li,2108481070,818,63,17,
Hansu Gu,1759997,187,37,9,
Fangye Wang,2107614843,10,1,1,
P. Zhang,47243067,18819,1865,62,
I. Dhillon,1783667,34363,324,85,
A. Block,21590875,121,41,6,
Rahul Kidambi,1891978,1058,26,14,
Daniel N. Hill,2113373342,303,9,7,
T. Joachims,1680188,60034,238,75,
Bhaskar Mitra,2064033905,111,13,6,
Chen Ma,74142381,823,30,12,City University of Hong Kong
Xue Liu,2151058626,223,14,6,
Haolun Wu,107747459,85,17,5,
Fernando Diaz,2164035897,65,17,5,
Jianxin Chang,2630544,294,12,6,
Yu Tian,2152949018,58,8,4,
Yang Song,2157996254,975,20,7,
Yannan Niu,2164092924,12,2,1,
Xinyu Zou,2067661395,79,7,4,
Aixin Sun,1735962,14281,298,54,"Nanyang Technological University, Singapore"
Zhi Hu,2167132467,11,1,1,
Yiming Zhao,2167265615,16,3,2,
Zhongyi Liu,2145285454,46,15,4,
X. Ding,31261271,46,4,3,
Alexandros Karatzoglou,1713164,11141,101,37,
Pengjie Ren,1749477,2735,108,24,
Tiago Pimentel,1388571351,842,63,17,University of Cambridge
Konstantina Christakopoulou,2192607,696,18,10,
Z. Ren,2780667,4545,146,34,
Xin Xin,36528303,1210,192,18,
Xuan Zhao,2145742718,12,12,2,
Yan Wang,2152546433,40,26,4,
Wei Chen,2283009,4468,706,33,Leiden institute of advanced computer science
Min Li,2145625388,179,15,5,
Haitian Yang,2118697511,16,15,2,
Wei-Jung Huang,2144904188,5,12,1,
Zhenglu Yang,2149231521,107,23,6,
Jiaxin Mao,3340223,382,65,10,
Yao Zhang,1611287648,46,10,5,
Jiancheng Lv,2075420316,580,58,11,
Hongru Liang,46822058,113,20,5,
Wenqiang Lei,39165620,1667,71,18,National University of Singapore
Feifan Song,66947198,38,4,3,Peking University
Lixin Zhang,2144156527,33,5,2,
Yuhui Shi,2152862030,42,8,4,
Yonghong Ye,2114058468,79,3,2,
Liang Qu,2056322340,124,15,5,
Ningzhi Tang,2161660776,10,2,1,
Chenhao Hu,2118956998,29,11,3,
Yansen Zhang,2177377528,11,3,1,
Shuhua Huang,2175334186,11,1,1,
Yubao Liu,2108289820,579,48,11,
Shuaiqiang Wang,2386396,1636,85,22,
Yiding Liu,2108021633,937,35,15,
Zhicong Cheng,2788612,202,17,6,
Dawei Yin,50559722,7162,159,46,
Suqi Cheng,2111102795,145,8,5,
Shuzi Niu,2944201,1485,36,12,
Qian Dong,2053111975,46,11,4,
Zhihui Xie,2114115577,50,7,4,
Tong Yu,2148832584,130,27,7,
Junda Wu,2146666303,25,15,3,
Ruiyi Zhang,1390533012,326,45,12,
Handong Zhao,7574699,1831,91,20,
Shuai Li,1491648207,603,55,13,Shanghai Jiao Tong University
Fan Zhang,2153307623,15,6,2,
Bin Wang,2222324593,9,3,1,
Siqi Lai,2175278345,9,3,1,
Erli Meng,1404347393,83,6,5,
David Carmel,1751914,5927,118,36,
Elad Kravi,1681183,161,19,8,
Nachshon Cohen,2898845,433,23,12,
A. Ingber,34766724,406,41,10,
Xin Gao,2118502950,23,17,3,
Xiuying Chen,46772896,397,31,11,
Rui Yan,2055864368,21,8,3,
Hind Alamro,1753416672,74,9,5,
Li Mingzhe,9255404,82,6,4,Peking University
Xiangliang Zhang,2928371,7371,337,42,
Shen Gao,2112311595,139,18,6,
Xiao Wang,2118449003,4105,56,19,
Q. Zhang,153441709,224,13,6,
Chuan Shi,2151458697,153,33,7,
Yuming Liu,2108104523,129,8,7,
Yiding Zhang,93506381,231,12,4,
Liangjie Zhang,2146643615,151,11,6,
Chaozhuo Li,2869810,936,62,19,
Hao Sun,2118180377,228,22,9,
Xing Xie,2110972816,731,27,10,
Weiwei Deng,2066621592,191,17,6,
Taoyu Su,2175278389,4,1,1,
Xinghua Zhang,49468918,40,10,4,"Institute of Information Engineering, Chinese Academy of Sciences"
Bowen Yu,2110705766,196,38,8,
Yubin Wang,2115721575,186,12,5,
Hongbo Xu,46485352,816,64,15,
Lihong Wang,2154649073,63,10,5,
Jiawei Sheng,2054250919,183,27,7,"Institute of Information Engineering, Chinese Academy of Sciences"
Shiyao Cui,9144106,139,20,5,
Rui Sun,2068168828,45,9,4,
Shu Guo,144019293,160,16,6,
Jiashu Zhao,2109974571,631,46,13,
Yong Xu,2146648728,892,39,15,
J. Huang,1683391,708,82,15,
Yunqiu Shao,40975153,244,20,9,
Yueyue Wu,2109036951,405,53,9,
Shaoping Ma,8093158,7311,353,45,
Yiqun Liu,1783406,7715,356,47,
Qingyao Ai,144922928,3689,94,24,University of Utah
Yixiao Ma,95952564,270,40,7,
M. Zhang,39767557,75490,5933,106,
Parth Gupta,40243462,673,47,13,
Bing Yin,2021632793,423,43,11,
Tao Yang,1958895984,198,20,8,
Cheng-hsin Luo,143884453,30,10,4,
Hanqing Lu,2149891871,43,5,3,
Jiuyang Tang,2522937,735,88,14,
Xinyi Li,2108484173,81,19,5,
Jianming Zheng,1832369910,290,32,9,
Fei Cai,145030663,1162,74,19,
Jinzhi Liao,9387602,81,19,6,
Xiang Zhao,1862330484,348,61,9,National University of Defense Technology
Z. Wang,2117422098,79,9,5,
Ding Zou,2155892962,78,4,3,
Xin Cao,2149214667,67,15,4,
Feida Zhu,143663410,4008,151,36,
Xian-Ling Mao,134880677,1402,111,17,
Minghui Qiu,2642333,3600,103,30,Singapore Management University
Wei Wei,47748186,1637,93,19,Huazhong University of Science and Technology
Ruobing Xie,3360722,2578,86,24,
Xiang Ao,2125319109,222,31,8,
Qing He,2158548,558,40,12,
Shuokai Li,116817070,170,9,5,
Yongchun Zhu,1864765978,3257,81,17,
Fuzhen Zhuang,2104266567,115,31,6,
Qian Li,2117126149,147,36,7,
Xiang-jian Wang,2144796853,57,13,4,
Zhichao Wang,2136115957,95,19,5,
Hongxu Chen,49177484,1336,53,20,
Dianer Yu,2153682136,31,10,4,
Jiaxin Mao,2181289386,101,8,4,
Ziliang Zhao,2175348510,4,2,1,
Ji-rong Wen,153693432,4525,217,28,
Zuowu Zheng,1453602567,21,4,3,
Changwang Zhang,2145156434,138,10,5,
Guihai Chen,2116378888,13689,758,52,
Xiaofeng Gao,11732258,3112,322,28,
Zhengyi Ma,1470579851,95,14,5,
Xinyu Crystina Zhang,2118895402,242,25,9,University of Waterloo
Zhao Cao,2106400572,180,43,8,
Yu Guo,2143379273,37,5,3,
Hao Jiang,47067803,21281,1276,69,Huawei Poisson Lab
Ruijie Wang,2144408471,212,21,8,
Shengzhong Liu,1390628682,763,52,15,
Dachun Sun,1630209136,136,16,6,
Jinyang Li,2124948781,280,28,9,
T. Abdelzaher,1730531,31550,611,87,
Jinning Li,2109377974,120,19,6,
Huajie Shao,3395273,1112,88,17,
Hanghang Tong,8163721,13571,354,55,
Yuchen Yan,2109341751,197,23,6,
Hang Li,2118384241,116,20,6,The University of Queensland
Shengyao Zhuang,1630489015,317,26,12,
G. Zuccon,1692855,4513,275,31,
Xuancheng Li,2108263748,13,3,1,
Zhihong Wang,2108349048,13,11,2,
Xiaohui Xie,2111366555,305,29,9,
Jiaji Li,2109045322,134,4,2,
Xuesong Chen,2145449032,11,7,2,
Ziyi Ye,47051292,22,20,3,
Lingling Zhang,2145417611,368,41,13,
Yifan Zhu,2125064076,49,9,4,
Tianzhe Zhao,2153707350,31,14,3,
Fangzhi Xu,2143943979,53,12,4,
Yudai Pan,1452348450,74,13,6,
Jun Liu,2155648333,125,30,7,
Qika Lin,144562160,275,30,10,
Defu Lian,1862782,4795,167,32,
Zheng Liu,2145976175,739,44,14,
Chao Feng,2153286417,20,5,3,
Xing Xie,2110972323,1089,54,17,
Yingxia Shao,2237813,1652,111,22,
Qi Chen,2157956050,37,5,3,
Weihao Han,2114924471,33,6,4,
Shitao Xiao,2051175765,126,16,7,
Jianjin Zhang,2144231046,333,11,7,
Yeyun Gong,2171182,2102,77,23,
Fan Yang,145338263,2628,56,23,
Joonseok Lee,2119006,2949,90,19,Google Research
Jongwuk Lee,1865093,1052,79,18,
Jae-woong Lee,2108480251,66,10,4,
Fenglong Ma,2068198532,109,10,4,
Haifeng Liu,2116283388,56,12,5,
Bo Xu,143876188,1296,131,18,
Hongfei Lin,2116456164,192,90,7,
Liang Yang,2143920912,117,40,6,
Xiaokun Zhang,2118365880,34,9,4,DaLian University of Technology
Yang Yang,2152920745,82,4,3,
Miao Li,2143545282,5,3,2,
Wei Wu,2118256028,183,17,6,
Meng Zhao,2116693703,4,3,1,
Jingang Wang,2109593338,67,34,4,
Fan Liu,2158337579,225,13,6,
Huilin Chen,2155553474,35,5,4,
Yin-wei Wei,1887997,899,41,13,
Mohan S. Kankanhalli,145977143,883,82,15,
Zhiyong Cheng,13167100,2952,105,31,
Tangjie Lv,80892810,123,25,7,
Minghao Zhao,2152527913,71,13,5,
Xudong Shen,2144058688,791,12,7,
Lei Chen,2146071363,463,22,7,
Runze Wu,2087049767,225,44,9,
Qilin Deng,2056197320,77,13,5,
Jian Zhang,2151809501,28,11,3,
Kai Wang,2148896822,71,11,5,
Yile Liang,2119122936,244,13,6,
Wei Chu,2104394256,167,12,6,
Jian Wang,2152770608,29,9,2,
Weixiang Hong,3493754,465,24,9,
Liheng Zhong,2271408,1566,27,13,
Jiajia Liu,2121467110,27,7,3,
Jingdong Chen,2108756214,2881,18,9,
Kaixiang Ji,2118930016,18,5,2,
Lixin Zou,8718022,681,36,12,
Xiaokai Chu,90368708,158,14,5,
Xiaolong Xu,145921385,5818,256,42,
Xuyun Zhang,1992681025,6429,221,43,
Yifei Chen,2109141852,64,19,5,
A. Beheshti,24901061,1346,104,22,
Qiang He,1576126930,203,7,4,
Wenwen Gong,1384218368,39,17,3,
Chao Yan,2116547722,320,31,6,
Lianyong Qi,1782044,7039,287,47,
Liu Yang,49576068,5875,941,34,
Dongdong Li,2144141557,49,3,3,
Zhumin Chen,1721165,3193,122,27,
Huasheng Liang,2108951842,36,7,3,
Zhi Tian,2165763619,18,1,1,
Wayne Xin Zhao,2542603,9213,232,42,
Jingyuan Wang,2115891766,41,17,3,
Bolin Ding,1696332,7390,183,42,
Yaliang Li,2110479359,5558,160,34,
Shanlei Mu,51396195,255,10,5,
Y. Huang,2339847,658,70,14,
Guanghui Zhu,48924179,97,34,6,
Feng Cheng,2091498573,3,3,1,
C. Yuan,2034987,707,81,13,
Xiaolin Zheng,1687974,1926,124,25,
Mengling Hu,2154584216,29,10,2,
Chaochao Chen,2145762399,325,47,9,
Weiming Liu,2109584311,76,14,5,Zhejiang University
Shuo Zhang,1390852432,640,41,13,University of Stavanger
Mu-Chun Wang,2119075660,82,5,4,
K. Balog,1680484,6369,233,44,
Hua-zeng Chen,14499025,91,25,5,
Yushan Zhu,2145160040,59,8,4,
Mingyang Chen,48622851,226,12,6,
Wen Zhang,2155281129,134,28,7,
Hongting Zhou,2157474956,26,4,2,
Zonggang Yuan,1617854355,184,11,7,
Xinjun Zhu,2152512816,56,7,4,
Yunjun Gao,1409828392,3062,292,30,
Yuntao Du,151480027,95,19,6,
Baihua Zheng,40116832,5045,186,42,
Lu Chen,2115384591,956,126,17,
Ziquan Fang,1726018749,134,19,7,
Yujia Hu,2124479224,25,5,3,
Xiaolin Zheng,2152196684,70,3,3,
Longfei Li,2151580,731,57,13,
Xiangyu Wei,2152145046,22,4,2,
Chaochao Chen,1694815,1817,67,22,Zhejiang University
Jun Zhou,2151548940,1590,64,23,
Carl Yang,1390553618,2582,130,28,
Yanchao Tan,30497353,78,16,5,
Jingfan Chen,2108110907,51,7,5,
Haojun Hou,2158816351,23,4,2,
Haobing Liu,2143857288,94,16,5,
Yanmin Zhu,153514206,1123,102,15,
Zhaobo Wang,2144713105,87,12,4,
Chunyang Wang,2117977668,80,14,4,
Luis Espinosa Anke,2254466,1378,79,22,
Israa Alghanmi,2008208677,28,5,2,
S. Schockaert,2265382,3199,272,29,
P. S. Rodrigues,2175355655,0,2,0,
Daniel Xavier de Sousa,1932834,86,11,6,
Marcos André Gonçalves,2001041773,67,13,4,
Thierson Couto,2290227,564,25,12,
Shubham Chatterjee,2113355478,41,15,3,
Laura Dietz,145798497,1295,86,15,
G. Weikum,1751591,36872,904,89,
Rishiraj Saha Roy,40075164,985,57,18,Max Planck Institute for Informatics
Philipp Christmann,1389567580,100,9,3,
P. Castells,2912921,6794,201,43,
Xinyi Yan,2116538878,53,4,3,
C. Clarke,1751287,9767,257,47,
Nick Craswell,1703980,13846,267,61,
E. Voorhees,1746656,19612,196,71,
Falk Scholer,1732541,4075,202,32,RMIT University
Vladislav Blinov,2053302599,85,7,4,
M. Sanderson,144721996,10884,376,51,
Valeriia Bolotova,2175278347,10,1,1,
W. Bruce Croft,144456145,60165,739,124,"University of Massachusetts, Amherst"
Mengdi Zhang,48985404,451,18,7,meituan
Kunpeng Zhang,2119017721,26,4,2,
Mingyue Cheng,1491233507,107,17,6,
Kai Zhang,71332119,134,23,6,
Wei Wu,2118256000,259,40,10,
Yan Fang,2112742917,10,3,1,
H. Fang,145344526,3017,140,22,
Shenghao Yang,2144996249,70,11,5,
Jia Chen,123878913,123,15,6,
Wentao Tan,2087228450,19,6,2,
Jingjing Li,31115284,3577,112,33,
Lei Zhu,145081293,3286,253,24,The Chinese University of Hong Kong
Alistair Moffat,144448479,17751,359,60,The University of Melbourne
J. Mackenzie,47470313,524,52,14,
L. Azzopardi,1716332,5615,302,38,
Song Yang,2143935646,35,5,2,
Kai-qi Zhao,26048494,6,13,1,
Jiamou Liu,2108326935,153,61,7,
Xuming Hu,2109906988,334,35,9,Tsinghua University
Shuang Li,2133436155,83,14,6,Tsinghua University
Yixin Cao,145014675,2469,55,19,
Li Lin,2111439896,194,17,7,Tsinghua University
Lifu Huang,34170717,2028,78,22,
L. Wen,40650846,3323,109,24,
Jianmin Wang,2016222572,4502,194,31,
Song Wang,2143256075,32,5,3,
Yanyan Li,2135367150,8,2,1,
D. Dou,1721158,6070,305,36,
Yaqing Wang,2115793087,2051,48,16,
Damiano Spina,1630446247,226,28,8,
Stefano Mizzaro,1726978,3160,168,26,
Enrique Amigó,1688716,2353,91,20,UNED
Rui Li,2150925926,77,10,5,
Wenlin Zhao,2155577687,14,3,2,
Cheng-Fu Yang,2154173140,2,3,1,
Sen Su,3185257,3829,221,31,
Yonghao Liu,2108833052,38,7,3,
Meng Li,31289209,20701,2270,57,
Ximing Li,2108691206,183,31,7,
Renchu Guan,144479376,1823,94,23,
Fausto Giunchiglia,1720285,18004,559,55,
Xiaoyue Feng,2190042195,991,39,13,Jilin University
Bobo Zhang,2208118573,396,15,13,
Chen Zhang,145107889,737,197,11,Beijing Institute of Technology
D. Song,48437245,4479,324,35,
Fang Ma,2163587600,15,5,3,
Jianxun Lian,2813328,2303,46,18,
Xinyan Fan,46515856,265,22,6,
Manoj Kilaru,66814047,4,4,1,
Vishwa Vinay,3121908,647,43,14,
D. Arbour,144004920,271,47,10,
Nan Yang,2153402103,42,7,2,
Yuexiang Xie,52133762,291,25,11,
Changxin Tian,2072927117,331,8,6,
Hongzhan Lin,2109380683,51,10,4,Hong Kong Baptist University
Jing Ma,46282607,2141,219,23,Hong Kong Baptist University
R. Yang,1713791305,42,3,2,
Wei Gao,145816335,4090,98,27,Singapore Management University
Shuchang Tao,32504908,64,14,5,
Yunfan Wu,2144364879,54,9,3,
Qi Cao,2057766936,763,46,10,
Huawei Shen,2476503,5604,218,38,
Xueqi Cheng,2110251463,70,54,4,
Ran Cui,8159002,163,15,9,
Pai Peng,2072677192,216,21,7,
Yu-Gang Jiang,1717861,16983,295,63,
Jingjing Chen,2108536365,1628,74,20,
Tianwen Qian,2162961341,53,5,3,
E. Daskalaki,37927265,380,37,12,
Huyang Sun,52177693,101,6,5,
Xiao-Wei Guo,152978186,752,58,13,
Xiting Wang,2108045320,2161,60,23,
Tao Qi,50329599,1824,202,21,
Chuhan Wu,15161448,2918,125,29,"Noah's Ark Lab, Huawei Technologies"
Xing Xie,2149195520,166,30,8,
Fangzhao Wu,2397264,4515,172,37,
Yongfeng Huang,2145525387,158,29,7,
Li Li,2156056653,58,16,5,
Riwei Lai,2006853842,20,7,2,
Chi Zhang,2117835555,22,13,3,Harbin Engineering University
Hongtao Song,2122383575,56,14,4,
Rui Chen,2118230159,85,7,4,
Qilong Han,2067612513,61,27,5,
Mozhdeh Ariannezhad,3429661,75,18,5,
Sebastian Schelter,2180399,2214,98,23,
Min Fang,2147389573,32,4,3,
Sami Jullien,2130153188,44,10,4,
Ming Li,2150654536,241,11,5,
Da Luo,2061548356,142,12,6,
S. Ananiadou,1881965,16259,561,60,
Kangyi Lin,2151795425,27,8,4,
P. Zhao,144259957,9312,237,50,
Yu Rong,48537464,4302,94,26,
Erxue Min,19262845,621,17,9,
Yatao Bian,2419616,1360,69,16,
Junzhou Huang,1768190,17903,404,65,
Tingyang Xu,1754673,3421,92,25,
Wei Wang,2158628501,38,4,3,
Chuangbai Xiao,2863393,802,94,14,
Haoran Yang,2115538342,53,12,4,The Chinese University of Hong Kong
Siyun Wang,2116422966,14,7,3,
Pijian Li,2109069108,188,16,7,
Chengshi Xu,2153076594,44,11,3,
Hui Xiong,2093122576,1610,99,21,
N. Zhu,3461677,110,22,6,
Tong Xu,41157498,980,52,16,
Haoran Xin,2057309402,59,7,3,
Xinjiang Lu,48574631,190,27,8,
Liang Pang,2111815778,24,16,3,
Yunchang Zhu,1713616829,39,4,3,
Yanyan Lan,37510256,6214,160,33,
Xueqi Cheng,1717004,15739,558,63,
Rui Fan,2175280985,2,5,1,
Jin Zhang,2117170420,10,5,2,
Jin Chen,2108459889,75,17,5,
Ali Vardasbi,3096714,142,26,6,
Andrés Ferraro,90139756,459,35,10,
Fernando Diaz,145472333,7819,143,44,
Chengkai Liu,2175305201,12,1,1,
Zhicheng He,2175453540,29,8,3,
Enming Yuan,1601384914,234,6,4,
Wei Guo,2109155646,1172,386,16,
Huifeng Guo,3339005,3038,66,18,
Keqing He,2058349088,280,40,11,Beijing University of Posts and Telecommunications
Weihao Zeng,2069640466,32,9,3,Beijing University of Posts and Telecommunications
Ruotong Geng,2175276597,1,4,1,
Wei Wu,2118974140,64,16,5,
Weiran Xu,1753096,1992,190,20,
Fujia Zheng,2146483739,40,6,4,
Lulu Zhao,2144042552,97,13,6,
Huixing Jiang,2309680,184,59,8,
R. Liu,144207288,29073,2939,72,
Jiahao Cao,2115872285,8,6,2,
Lei Jiang,2112654557,18,13,3,
Nannan Sun,2056680201,374,6,4,
Haoyu Pang,9228281,14,11,2,
Xuefeng Yang,2145180644,4,3,2,
Heng Tao Shen,1724393,42115,428,73,
Fumin Shen,144618699,9014,247,49,
Kai Wang,2175316115,7,4,2,
Zuo Cao,2117448524,37,12,4,
Jialin Tian,2087131827,51,7,4,
Xing Xu,47158869,4050,155,31,
Yingqiang Ge,152988336,1179,43,18,
Juntao Tan,2110449137,339,27,11,
Yongfeng Zhang,2145038716,103,17,7,
Yinglong Xia,35846319,1164,104,19,
Shijie Geng,1947101,1520,59,18,
Zuohui Fu,2011378,1307,49,18,
Jiebo Luo,2116783457,156,45,7,
Yangchun Zhu,2153095583,69,5,3,
Shuchang Liu,50152132,431,26,11,
Zelong Li,2109968285,106,12,7,Rutgers University
Wei Jin,144767914,1489,47,16,
Xiangyu Zhao,2116710405,99,18,5,
Xiaorui Liu,2124928119,101,18,5,
Wenqi Fan,41031455,1829,46,13,The Hong Kong Polytechnic University
Jiliang Tang,1736632,22848,314,75,
Qing Li,2117897052,429,25,11,
Jianchao Ji,2111810606,83,18,5,
Amifa Raj,1920784888,39,9,3,
Michael D. Ekstrand,2386667,2740,96,25,
E. Gerritse,35903921,76,9,4,
Faegheh Hasibi,1951737,651,38,13,
A. D. Vries,144509504,7521,308,42,
Virginie Do,2086828576,153,10,6,
Nicolas Usunier,1746841,19305,121,42,
Huaijun Liu,2145489420,48,5,3,
Dong Wang,2152692071,68,9,3,
Cheng Yang,2154170623,245,38,8,
Tianchi Yang,2800519,393,23,6,
Maodi Hu,1961492,539,27,9,
Tao Li,50289773,7706,521,40,Northwestern Polytechnical University
Chuan Shi,2086996232,45,19,3,
Luhao Zhang,2156145866,128,14,5,
Miriam L. Boon,31805906,33,13,4,
O. Hoeber,1679276,1251,94,18,
Sebastian Gomes,32193590,34,4,3,
Krishanu Maity,144960451,97,23,6,
Prince Jha,2165947844,13,6,2,
S. Saha,145470045,6448,586,34,
P. Bhattacharyya,145532184,10064,865,47,
Hongning Wang,2108883660,218,47,8,
Yiling Jia,41035519,243,13,6,
Yuli Liu,46400021,79,10,4,
Christian J. Walder,3093246,477,59,12,
Lexing Xie,33650938,7757,184,40,
Deborah L. Hall,6944261,920,42,13,
Yasin N. Silva,2217032,1066,67,20,
Lu Cheng,144842921,694,45,13,
Huan Liu,2146398099,187,29,6,
Ahmadreza Mosallanezhad,1380253791,156,18,5,
Yashar Moshfeghi,2678472,1238,91,18,University of Strathclyde
M. Parra-Rodriguez,1429103655,105,12,3,
Dominika Michalkova,2175274808,3,3,1,
Razieh Rahimi,38543401,176,29,7,
J. Allan,121300608,2218,66,19,
Puxuan Yu,51029950,89,8,5,
Dongwon Lee,2150817685,17,9,3,
Limeng Cui,3122003,1802,49,16,
Mohammadmehdi Naghiaei,2156583314,74,8,4,
Yashar Deldjoo,2614755,1741,107,22,
Hossein A. Rahmani,2065968996,255,23,10,
Till Kletti,2088932557,17,3,2,
J. Renders,2822140,3434,158,20,
P. Loiseau,143710789,1351,111,19,
Y. Rao,1492126621,438,52,11,
Ambreen Nazir,51293593,279,17,9,
Xunliang Cai,2111683220,40,12,4,
Jinhua Gao,3223390,400,32,10,
Yan Jiang,2117865398,18,7,3,
J. Guo,1777025,7508,187,43,
Yixing Fan,7888704,1864,57,16,
Ruqing Zhang,2109960367,556,47,12,
Xinyu Ma,121875983,209,9,6,
Le-ping Sun,1918367,853,55,16,
Zheng Ye,145303604,451,31,11,
Xuanang Chen,49794910,44,10,4,University of Chinese Academy of Sciences
Ben He,2046814249,568,33,10,
Ying Zhou,2118861530,2,3,1,University of Chinese Academy of Sciences
S. Yih,3156075,860,29,12,
Yashar Mehdad,2121361882,214,17,8,
Kushal Lakhotia,1410624139,2140,17,12,
Bhargavi Paranjape,8005713,679,16,9,
Srini Iyer,1900163,3232,57,26,"Facebook, University of Washington"
Asish Ghoshal,2730123,382,43,10,
Ruopeng Li,2162105882,43,7,3,
Tianqiao Liu,2115347033,124,9,6,
Jia-Bin Huang,3068086,14515,120,40,
Chao-hui Yu,2148890704,32,2,1,
Wang Hao,2144221741,49,9,4,zhejiang university
Wei Chu,48980295,5504,25,18,
Tai-Wei Chang,48861902,42,4,3,
Zhichao Chen,2162399554,32,3,1,
Zerui Cai,2152132786,36,8,2,
Zefeng Cai,2113442256,21,12,3,
Nikolaos Aletras,3238627,2851,84,23,University of Sheffield
Preslav Nakov,2026545715,1092,77,18,
Shivam Agarwal,1923351,203,27,7,University of Illinois at Urbana-Champaign;Manipal Institute of Technology
Lucie Flek,2125481734,84,27,5,
A. Neerkaje,2157860264,20,10,3,
Ramit Sawhney,51042088,1164,77,21,IIIT-Delhi
Shansan Gong,2165001433,100,6,3,
Ke Zhu,2041291246,45,14,3,
Kazunari Sugiyama,3060386,2404,52,17,Osaka Seikei University
Shaowen Peng,2072711285,30,7,3,
Tsunenori Mine,47914038,807,166,13,
Wei Ji,2072613978,160,21,7,
Chenchen Ye,2075203721,12,2,2,
Lizi Liao,2053831159,97,25,6,
Shuyi Wang,2108710439,18,10,3,
N. Ferro,2046170685,179,42,8,
P. Cremonesi,1709519,5818,206,31,
G. Faggioli,80808662,177,45,7,
Maurizio Ferrari Dacrema,51237994,814,42,9,Politecnico di Milano
Fabio Moroni,2164384274,8,2,1,
Riccardo Nembrini,2124653987,25,4,2,
Harrisen Scells,8842143,479,47,14,
Ryen W. White,34286525,16830,291,63,
Dana Mckay,4797155,998,118,18,
Marwah Alaofi,73067160,9,4,2,
L. Gallagher,35154089,161,16,6,
L. Saling,2796370,970,33,10,
Oren Kurland,1779654,2579,111,26,
Moshe Tennenholtz,1708847,9882,318,48,
Filip Radlinski,1803571,6778,75,34,Google
Benjamin D. Wedin,2010374630,98,5,3,
Lucas Dixon,2065639113,2175,30,12,
Donald Metzler,1680617,11063,146,46,Google
Mostafa Dehghani,3226635,22046,103,34,
Hamed Zamani,2499986,3543,145,29,University of Massachusetts Amherst
Michael Bendersky,1815447,3772,130,30,
Yibing Zhan,1895813,715,85,14,
Fei Wang,39586294,3971,442,31,
Shuhan Qi,1679286,250,78,8,
Jun Rao,2142545243,35,6,3,
Weifeng Liu,2140409319,76,15,6,
D. Tao,143719920,81370,1247,143,
Liang Ding,46573238,860,76,16,University of Sydney / JD Explore Academy
Bunyamin Cetinkaya,2005391663,5,4,1,
Thijs Rood,2164703243,5,1,1,
Jin Huang,2143649323,582,10,6,
Harrie Oosterhuis,143624743,766,48,16,
Chengcheng Hu,2118956992,9,6,1,
Yuqi Liu,2144468595,53,11,4,
Jimmy J. Lin,145580839,21776,499,76,
Mohammad Aliannejadi,2126243285,207,23,10,
M. Dehghan,39966060,80,10,6,
C. Hauff,2731925,3251,189,30,
Nirmal Roy,49217627,89,11,4,
David Maxwell,2064174438,414,43,12,
Tianyu Zhao,2153707438,20,8,3,
Zhenyi Wang,2108306179,40,10,3,
Fengqi Liang,2155272939,11,2,1,
Yibo Li,2155425867,11,5,1,
Quan Gan,47594426,1594,25,10,
Huan Zhao,2153033246,223,24,9,
I. Ounis,1698205,11600,427,53,
Xiao Wang,2144550968,94,11,5,University of Glasgow
Sean MacAvaney,22214396,1579,70,19,University of Glasgow
C. Macdonald,145434248,9638,349,48,
Jing Zhang,2155700131,218,15,7,
Hong Wen,2075349262,320,27,8,
Bo Cao,2151197199,10,7,1,
Xiaofeng Pan,47419996,92,16,3,
Luping Wang,2446856,727,69,11,
Ming Li,2150653116,51,12,4,
Keren Yu,2149446153,17,5,2,
Chengjun Mao,2148654706,10,7,1,
Yue Zhang,39939186,6783,948,34,
Libo Qin,47657628,210,13,8,
Chuang Fan,20964758,227,12,6,"Harbin Institute of Technology, Shenzhen"
Ruifeng Xu,1753529,6462,413,39,
Daoxing Liu,51256475,75,7,3,
Qin Yuan,2175278171,0,2,0,
He Wang,2149698624,17,6,3,
Ye Yuan,14886336,1518,167,18,
Chen Chen,2127379396,696,37,18,
Guoren Wang,8349792,4891,541,30,
Z. Wen,1788122,911,62,16,
Bin Wang,2152592765,8,4,2,
Li Jiang,2148655643,63,26,4,
Haomin Li,2175308572,5,3,1,
Fangxin Liu,1491233985,139,36,7,
Lei Zhang,2152829895,7,10,2,
Ruiwen Xu,2153549892,25,7,3,
Yanhua Huang,2145435155,39,9,4,
Yiyun Miao,2175278179,2,1,1,
Hangyu Wang,2113290993,2,4,1,
Kwei-Herng Lai,51238382,487,23,11,
Hao Yang,2145058012,121,30,6,
Xia Hu,2148950326,149,25,6,
Fei Wang,2148956204,98,15,6,
Kaixiong Zhou,3364022,746,47,14,
Huiyuan Chen,1504511015,164,27,6,
Xuan Zhang,2108233132,70,12,3,
Xun Liang,2116266409,17,33,2,
Bo Wu,114822447,3026,383,18,
Xiangping Zheng,15929872,119,39,5,
Yuhui Guo,2124920316,10,19,2,
Fan Zhang,2153304968,187,21,7,
Nuo Chen,119895609,488,86,12,
T. Sakai,1725544,4567,312,34,
Xiang Chen,2143735911,532,18,11,
Lei Li,46255707,7865,1333,37,
Guohao Cai,24140498,670,18,7,
Xiuqiang He,1996703,5112,159,32,
Quanyu Dai,29969336,706,42,13,
Shengtao Zhong,1510763629,21,8,3,
Yuncong Li,50024676,64,14,4,"Tencent, INC."
Fang Wang,7572514,20920,2393,66,
Antonios Minas Krasakis,119807484,50,4,3,
Andrew Yates,144115896,2605,77,23,Max Planck Institute for Informatics
E. Kanoulas,1713134,4058,198,33,
Yaochen Hu,2911895,295,18,8,
I. Kumar,2175277508,4,3,2,
Yingxue Zhang,2135319291,90,28,6,
Changping Peng,1949218014,41,22,4,
Ruoran Huang,51254553,94,15,5,
Zhangang Lin,2146396439,35,22,3,
Qian Yu,2116046500,25,4,2,
Xiaoxiao Xu,2112435159,79,15,3,
Yang He,2152964632,5,3,1,
Y. Li,152998583,7,8,1,
Jingping Shao,2118926502,36,21,3,
Chaosheng Fan,2112735645,11,6,2,
Zhiwei Fang,49597404,3625,21,6,
Likang Wu,12892739,97,16,5,
Hao Wang,2144221497,19,9,2,
Enhong Chen,9210409,44,13,4,
Hongke Zhao,2869628,1190,75,19,
Jianhui Ma,49304852,213,28,9,
Shen Li,2153700377,7,3,1,
Min Yang,2144399230,110,17,7,
Fajie Yuan,2612614,1265,53,16,
Yang Sun,2151881988,80,10,4,
Xiaoyan Zhao,2111230693,21,10,3,
Torsten Suel,1691664,7096,157,43,
N. Tonellotto,2783910,1845,131,21,
Antonio Mallia,39662889,344,19,9,
Rodrygo L. T. Santos,2115675398,13,8,3,
Rennan C. Lima,2175414748,1,2,1,
Lianghua Huang,2109047017,1162,24,9,
Huai Chen,153924263,315,28,8,
Bin Wang,2152592977,124,21,6,
Di Chen,2202464939,73,4,4,
Yu Liu,11322600,107,14,5,
Pan Pan,2143295297,18,5,2,
Lisheng Wang,40367852,785,86,15,
Chih-Ming Chen,2145744847,22,6,3,
Chuan-Ju Wang,152744928,160,25,6,
Hsien-Hao Chen,2115401239,2,4,1,
Ming-Feng Tsai,1793168,3378,87,21,National Chengchi University
Shih-Yang Liu,2175276094,2,5,1,
Li Zhu,2144059167,180,19,7,
Xueming Qian,6468417,4292,209,36,
Guoshuai Zhao,2905509,1006,51,17,
Xuanzhi Zheng,2156371353,11,2,2,
Bin Guo,145066132,7789,406,42,
Zhiwen Yu,2256618,8940,555,45,
Jing Du,2111147278,19,5,2,
Zesheng Ye,2158121071,19,7,2,
Lina Yao,2106357243,87,24,4,
Chao Yu,2110963506,10,3,2,
Yi Shen,2115382769,150,8,5,
Yue Mao,2035547139,146,5,5,
Min Yang,2144399430,47,23,4,
Chengming Li,2145534529,197,34,9,
Lei Zhang,2152829487,142,8,4,
Liangbo He,2112480319,168,16,4,
Jie Zhou,145558445,378,35,7,East China Normal University
Qi Zhang,1731122,11,17,2,
Qin Chen,2152518131,197,18,5,
Qinchun Bai,2167150654,3,1,1,
Sicong Xie,51299719,28,7,2,
Shaohu Chen,2175298167,15,4,2,
Qunwei Li,1491130175,30,15,4,
Weidi Xu,1930234,504,43,10,
Leon Wenliang Zhong,2243832,723,20,10,
Kaiming Shen,1728905,1537,52,12,
Zhiyuan Liu,2109232579,415,24,7,
Geoffrey X. Yu,1879582404,154,9,6,
Xiaomeng Hu,2164187602,10,2,2,
Chenyan Xiong,144628574,4564,93,34,
Zhenghao Liu,49047064,1146,30,13,Northeastern University
S. Yu,150311558,343,22,11,
Patrik Dokoupil,1581831194,11,10,2,
Ladislav Peška,1928103,542,92,12,
Xiaochen Li,2145438037,12,7,2,
Jianwei Liang,2006338102,930,59,18,
Rui Zhong,2163449998,2,1,1,
Xialong Liu,2163569041,3,3,1,
Guilherme Ramos,2057748867,98,14,5,
Hansi Zeng,2029235362,42,7,4,
Yongli Ren,7800596,629,65,16,
Chenglong Ma,2148662613,14,7,2,
Ehsan Kamalloo,2023642,265,20,7,University of Waterloo
Davood Rafiei,2144238,1871,73,16,University of Alberta
Mostafa Yadegari,32522763,3,2,1,
Chen Gao,49281242,1461,75,20,
Yong Li,2154403926,514,41,8,
Depeng Jin,49953590,10947,459,51,
Yinfeng Li,2129445960,96,8,5,
Hengliang Luo,2889630,358,24,8,
Yawen Zeng,1993664989,152,21,6,
Chengqian Gao,2152644271,6,4,1,
Ke Xu,2152484867,9,4,1,
Pengyang Li,2000867558,26,5,3,
Jian Xu,2117049789,113,23,5,
Quanlian Liu,1390542627,40,6,3,
Rong Chen,2175457240,2,1,1,
Bo Zheng,2093245720,155,33,7,
Mohammad Aliannejadi,3390352,1190,65,18,
Clemencia Siro,2056776870,581,7,3,
Ling Chen,2119322767,3045,123,26,
Quan Li,2108647654,50,6,2,
Bo Huang,2175348587,6,2,2,
Yanhua Yang,80558539,565,26,11,
Shaohua Jiang,2119329074,218,7,2,
Muli Yang,66871903,324,15,9,
Yuehua Zhu,2109529901,57,4,3,
Yushun Dong,123918726,289,23,10,
Zhengxiong Huang,150356758,13,7,1,
Jundong Li,1737121128,742,66,16,
N. Foutz,3070020,485,39,11,
Jing Ma,2157405959,137,17,6,
Rosie Jones,2154350347,40,11,2,
I. Soboroff,144526707,6904,162,41,
R. Rezapour,3342374,240,32,9,
S. Reddy,5022028,509,31,13,
Xianchao Zhang,47957847,1636,133,22,
Hong Yu,144722194,2105,118,23,
Xiaotong Zhang,2108015607,254,30,10,
Feng Zhang,2158119086,16,7,2,
Siyang Zhao,2154844276,10,5,2,Dalian University of Technology
Han Liu,48447230,321,25,6,
Ju Sun,144706338,4904,52,16,University of Minnesota at Twin Cities
Zengfeng Huang,2109583192,222,20,6,
Menglin Yang,2111077098,278,32,9,
Shengzhong Zhang,2145522606,66,7,5,
Bisheng Li,2162903099,11,3,2,
Min Zhou,2152175543,105,16,5,
Avihai Mejer,1723339,169,13,7,
Miriam Farber,2056901323,3,2,1,
Lital Kuchy,1617901165,31,5,2,
Liqi Yang,1807515777,19,8,3,
Linhan Luo,2114165337,5,1,1,
Xiaofeng Zhang,2144524914,275,37,8,
Xinni Zhang,2108028945,21,7,3,
Jingyi Sun,2165326090,7,2,2,
Lanjun Zhou,2204295,262,24,7,
Jiachen Du,2186356,1039,52,17,Tencent Music Group
Bin Liang,144691693,484,37,10,"Harbin Institute of Technology, Shenzhen"
Qinglin Zhu,50736325,94,21,5,
Weiwei Tu,2149413823,22,7,3,
Chenwei Lou,2118894569,49,4,4,
Jun Gao,1741104,224,16,8,HITSZ
Huan Zhao,46430770,1862,65,16,
Changlong Yu,49778308,211,18,8,
Wei Wang,145200778,3834,713,28,
Qihang Zhao,2110483969,126,19,7,
Ming Gao,46572901,925,61,16,
Chengyu Wang,50097294,448,48,11,"School of Software Engineering, East China Normal University, Shanghai, China"
Tingting Liu,2166862797,13,5,1,
Aoying Zhou,145031580,7383,603,38,
Cen Chen,2447610,368,33,10,East China Normal University
Mingming Gong,29393235,5217,132,30,
Guangzheng Hu,30554416,104,7,3,
Yuchen Guo,34811036,3439,110,26,
Philip H. S. Torr,143635540,51024,451,97,
Zhen Zhao,2152619375,40,5,2,
Yuming Shen,144820063,638,61,9,
Menghan Wang,2145360817,407,17,6,
Aldo Lipani,2121294485,203,30,9,
To Eun Kim,2175557537,18,4,2,
Yanran Li,3305402,2056,26,11,
Rui Yan,2055863468,58,8,4,
Jianwei Cui,3061725,869,123,15,
Quan Tu,2071635049,45,7,3,
Bin Wang,2152593593,135,23,8,
Qiang Sheng,46630548,339,21,9,"Institute of Computing Technology, Chinese Academy of Sciences"
Danding Wang,37292975,1136,19,6,
Fuzhen Zhuang,2162961864,98,34,5,
Juan Cao,144089410,3412,106,25,
Jinxiong Xia,2175278527,9,3,2,
Yuchen Li,1656856781,6,2,1,
Fan Yang,2158028618,36,9,3,
Guanglu Wan,1478596124,71,20,5,
Houfeng Wang,1781885,4720,162,32,
Cao Liu,2155522220,32,9,4,
Jiansong Chen,2115522794,75,18,6,
Georgios Sidiropoulos,144396165,9045,65,23,University of Ioannina
Shoham Sabach,3218963,3503,58,23,
Egor Markovskiy,2175274124,0,1,0,
Fiana Raiber,2625830,438,35,12,
Debasis Ganguly,1698027,1284,139,16,
S. Datta,52511273,76,14,6,
Derek Greene,50418148,239,18,6,
Ahmed Mourad,143832672,376,19,8,University of Queensland
B. Koopman,1783566,1667,105,24,
Jingqiao Zhang,2108957102,19,6,2,
Cheng Yang,2154169929,17,11,2,
Wei Wang,2158624366,64,11,5,
Liangzhu Ge,1393946005,18,8,2,
Weihua Luo,48244817,334,26,10,
Weizhi Wang,2108438929,76,11,6,
Boxing Chen,2152687324,422,42,11,
Zhirui Zhang,4947404,1301,36,17,Tencent AI Lab
Junliang Guo,2117224175,82,6,4,
Xiping Hu,1718919,4679,164,35,
B. Hu,144010725,9653,804,46,
Jing Xiong,2175277130,5,7,1,Sun Yat-Sen University
Rui Wang,2151036536,19,7,2,
Bing Qin,152277111,10984,244,40,
Yi Chen,2165302640,27,7,3,
Zhiyuan Wen,6581777,2482,64,15,
Qianlong Wang,2116713003,816,50,14,
Tan Yu,96668091,772,45,13,
Hongliang Fei,2940124,709,52,16,
Ping Li,2109069235,381,39,10,
Jiangui Chen,2108313363,45,9,3,
Qian Tao,2053299318,46,15,4,
Jiadi Han,2175568294,10,2,2,
Yufei Tang,2119309167,304,31,10,
Yuhan Xia,2111274759,115,15,5,
Hao Wang,48016595,37344,2729,88,
Min Hou,2056835691,396,11,6,
Yuren Zhang,2136583470,78,4,2,
Runlong Yu,51508019,152,19,8,
Wei Huang,145909469,215,19,5,
Zhiqiang Zhang,2118678286,491,14,7,
Binbin Hu,145743766,1848,49,13,
Yupeng Hou,151472453,711,20,10,"University of California, San Diego"
Jiong Zhang,2138799241,129,10,4,
Hsiang-Fu Yu,46185316,3847,117,25,
Wei-Cheng Chang,1702500,2964,37,18,
Jyun-Yu Jiang,3165179,758,59,14,
Cho-Jui Hsieh,1793529,28355,308,69,
A. Halevy,1770962,36594,343,94,
James Thorne,2053211210,616,21,10,
Artsiom Sauchuk,2175275805,3,1,1,
F. Silvestri,144925193,5073,189,41,
S. Clinchant,2207074,1537,89,22,
Carlos Lassance,2131640257,105,18,5,
Steffen Staab,2067038375,63,40,5,
M. Nadif,1744699,2111,161,26,
Rafika Boutalbi,92280450,25,9,4,
Anastasiia Iurshina,1704289222,24,6,2,
Mira Ait-Saada,2076239433,7,7,2,Université Paris Cité
Maroua Maachou,2145158743,9,2,2,
Joohee Park,2116651720,26,5,3,
Seungwoo Lee,2162382349,5,1,1,
Kijung Shin,40553270,1710,98,22,
H. Hwang,2147347903,7,3,1,
Chanyoung Park,2109120259,1515,59,16,
Zhao-Yan Li,2008235577,1,5,1,
Tengfei Yuan,2057820003,19,3,1,
Fuyu Lv,2131196148,65,10,4,
Jiazhen Lou,2175027757,0,2,0,
Junseok Lee,2108518197,81,9,3,
Namkyeong Lee,2153998505,19,10,3,
Yeonjun In,2161339914,4,3,1,
Yunhak Oh,2161343128,4,2,1,
Dongmin Hyun,108148310,149,21,7,POSTECH
Lei Chen,2146071137,96,13,5,
Jingtao Ding,2470644,492,41,9,
Lingling Yi,2111841396,204,14,5,
Chonggang Song,2987596,332,10,7,
F. M. Nardini,2763561,1509,128,21,
C. Lucchese,1730904,3474,169,31,
R. Perego,46188036,4901,260,38,CNR
S. Orlando,38477686,4412,247,36,
Alberto Veneri,1420043048,23,8,3,
Chris Biemann,66911936,121,50,6,
Debayan Banerjee,35635012,271,14,4,
Jivat Neet Kaur,2084554148,34,6,3,
Ricardo Usbeck,2370666,2009,95,21,Fraunhofer IAIS
Pranav Ajit Nair,83623712,17,6,2,
Xinru Liao,2152086169,21,3,2,
Jian Xu,2110980278,8,10,2,
Bin Ma,2084599687,23,11,3,
Min Cheng,2072996228,8,3,2,
Guanqi Zeng,11465465,23,4,1,
Yao Yang,2175456414,1,2,1,
Haoyuan Hu,14724015,290,50,8,
Yujie Chen,2109331372,27,9,2,
Weijiang Qiu,31126721,34,21,3,
Haotian Wu,2149253205,5,7,1,
Dandan Zhang,2145909113,7,5,1,
Fangquan Lin,2113698750,17,12,3,
Jihai Zhang,2154499886,35,13,4,
Cheng Yang,3443627,7377,446,32,
Wei Jiang,30401303,19122,1364,65,
Katsuhiko Hayashi,2087025575,18,16,2,
Dong Wang,2152687987,771,37,9,
Xiaoxu Wu,2107938276,178,22,8,
Yongkang Wang,2108836630,21,15,4,
Zehua Wang,2108725730,183,17,7,
Xiaowen Shi,2119205048,48,10,3,
Xingxing Wang,2144802333,3564,9,7,
Guogang Liao,2161243609,11,6,2,
Chuheng Zhang,144114271,143,24,6,Tsinghua University
Xu Chen,2118183722,98,10,4,
Changshan Li,71690122,22,6,3,
Qiu Qiu,2166051955,3,1,1,
Kunqing Xie,38388863,2928,112,21,
Prashansa Gupta,103545380,50,6,3,
Liang Wang,1693997,26959,1248,82,
Shu Wu,50425438,5967,122,32,
Jun Wu,2155208092,55,7,3,
Q. Liu,48873756,3180,54,18,
Fang Sun,2175279618,14,2,2,
Yifan Wang,2115568639,446,21,5,
Yifang Qin,2420154,37,12,4,
Ke Hu,2055736719,66,9,5,
Ming Zhang,2145177446,23,5,2,
Jia Cheng,2112799282,37,12,4,
Xuyang Hou,2112801811,27,11,3,
Jun Lei,2110714221,37,10,4,
Cheng Long,2166202391,32,5,3,
Jie Zou,150167832,403,24,10,
Yilin Li,2162396776,32,3,3,
Jimmy Lin,2154743364,224,54,8,
Yuetong Wang,2141320609,5,1,1,
Ronak Pradeep,1816753042,807,25,10,University of Waterloo
Xin Chen,89507637,125,15,7,
Yue Xu,40616905,338,32,9,
Qingtao Tang,34156181,172,22,8,
Shi Qiu,2146345714,2168,13,8,
Pengjie Wang,2145012431,101,9,6,
Xiang Zhang,2175316040,8,5,2,
Hongbo Deng,2642895,2463,90,26,
Kaiyi Lin,2175321109,0,1,0,
Qingqing Long,50059334,225,12,7,
Feng Li,2160936347,11,2,1,
Éric Gaussier,1732180,8254,177,34,Univ. Grenoble Alpes
Minghang Li,50652109,2161,58,21,
Benjamin Piwowarski,1703777,2892,115,29,CNRS
Thibault Formal,1630412772,305,14,5,
Jacopo Staiano,1767493,2392,57,25,
Antoine Chaffin,2129106958,1342,11,4,IRISA
Sylvain Lamprier,2066075106,11,17,2,
Thomas Scialom,90745780,1497,27,14,
Ewa Kijak,2056300199,54,20,4,
Vincent Claveau,2026156269,12,9,1,
Chen Chen,2141810017,13,3,2,
Liangyue Li,2145728192,38,13,3,
Wanjie Tao,2146982445,61,10,3,
Zulong Chen,8157135,108,21,5,
Jamie Callan,144987107,18712,331,75,Carnegie Mellon University
Luyu Gao,49715441,1143,27,15,
Beibei Li,2109133840,14,14,2,
Y. Zheng,153697517,7304,662,33,
Beihong Jin,145982322,1436,166,19,
Jiageng Song,2112626896,9,6,2,
Wei Zhuo,2070259448,62,21,3,
Yisong Yu,2165680503,3,5,1,
Yongfeng Huang,1731776,6384,277,43,
Hugo Abonizio,1394470211,111,9,5,
Marzieh Fadaee,2818759,586,13,9,"University of Amsterdam, Zeta Alpha Vector"
L. Bonifacio,2003019597,158,11,6,
Rodrigo Nogueira,143744603,3907,79,26,
Benno Stein,1405867539,1936,114,21,
Pavel Braslavski,2319913,567,75,13,Ural Federal University
Alexander Bondarenko,143856141,385,37,11,Friedrich-Schiller-Universität Jena
Yamen Ajjour,22312473,504,17,9,
Shuang Tang,2175359567,1,3,1,
Fangyuan Luo,2072689595,44,13,5,
Jun Wu,152327358,233,36,7,Beijing Jiaotong University
Diogo Gonçalves,152924039,50,14,5,
V. Q. Marinho,3422351,182,13,8,
Tiago Lacerda,2175277115,5,2,1,
A. Magalhães,2058182347,28,8,4,
João Sá,2060558664,9,2,2,
Xi Wang,102872728,82,20,5,University College London
Zixuan Yi,30678834,36,9,3,
Jin Li,2133302300,92,8,4,
Tong Zhao,2088210968,919,22,10,
C. Faloutsos,1702392,82884,922,131,
Soo-Min Pantel,74366356,13,4,3,
Jiacheng Li,97483167,1005,17,6,University of California San Diego
G. Karypis,50877490,64568,593,94,
Jim Chan,2151246824,41,5,3,
Zhen Qin,2099586642,222,24,8,
Xuanhui Wang,1526973500,4886,105,33,
Le Yan,2110134250,113,12,5,
Honglei Zhuang,2120346758,81,16,6,
Marc Najork,1398342639,222,32,9,
Shrestha Ghosh,2135976772,57,18,4,Max Planck Institute for Informatics
S. Razniewski,2066327465,70,28,5,
Ludovic Denoyer,8905591,6605,138,30,
Pierre Erbacher,2068332934,5,3,2,
L. Soulier,145159652,646,67,13,
Juan Bernabé-Moreno,1398111871,441,37,10,
E. Herrera-Viedma,1397996912,45834,895,107,
Kaweh Djafari Naini,2683748,114,15,7,
Ismail Sengör Altingövde,1757482,1233,81,20,
Ria Van Hecke,89122380,7,3,1,
Svea Klaus,2038115815,7,3,1,
R. Jagerman,1886219,283,26,9,
Siwei Liu,2108636639,101,14,4,
Vishwakarma Singh,89036271,167,18,7,
Charles R. Rosenberg,153516922,450,19,9,
P. Agarwal,145968147,7,3,2,
Manish Srivastava,2143366474,2,4,1,
Ping Li,2109069020,114,14,7,
Zhang Yue,2068672047,57,5,2,
Sailaja Rajanala,35635426,39,12,3,
R. Phan,2105128532,24,24,3,
Manish Singh,2135854055,5,4,1,
Arghya Pal,2057979953,166,24,6,
Koksheik Wong,1713159,2635,189,26,
Heng Ji,2113323573,2610,113,27,
Md Arafat Sultan,2937809,701,36,10,
Avirup Sil,2707234,1280,64,20,
R. Reddy,2113583612,59,10,3,
M. Franz,39038065,1413,52,20,
Daniel M. Benjamin,2052360522,117,11,6,
Xiang Ren,2149473952,6,3,1,
Yuzhong Huang,35633657,310,19,6,
Kristina Lerman,2073018730,199,55,6,
J. Pujara,2634786,1380,107,18,
Fred Morstatter,2775559,7176,121,28,
Zhiqiang Qiu,2175275027,0,1,0,
A. Salinas,2071206993,27,6,1,
Kexuan Sun,35329068,114,16,6,
Dong-Ho Lee,73037511,736,22,7,University of Southern California
Fangyuan Han,2064565097,15,4,1,
Jiqun Liu,2108965174,257,44,9,
R. Rahman,147958497,13,2,1,
Xiangchen Wu,2107978346,207,9,4,
Xi Niu,115619624,273,27,8,
A. Bigdeli,2073050239,58,20,4,
Morteza Zihayat,2135809026,32,20,4,
Negar Arabzadeh,81447039,177,38,8,
E. Bagheri,145632843,6322,286,28,
Shirin Seyedsalehi,1388719250,36,11,4,
Youngwoo Kim,119864658,43,11,4,
Xueguang Ma,2461713,731,25,13,University of Waterloo
Shuai Wang,2146514461,115,9,6,
Konstantinos Theocharidis,22252594,22,6,2,
Panagiotis Karras,1731655,3162,122,26,
Spiros Skiadopoulos,1688897,3499,109,27,
Manolis Terrovitis,2454554,2029,58,19,
Ramraj Chandradevan,95577348,84,7,5,
Suraj Nair,143913642,257,21,6,University of Maryland College Park
Rebecca Iglesias-Flores,2101321411,8,2,1,
Eugene Yang,153564640,483,30,8,Georgetown University
Douglas W. Oard,1737250,8399,404,49,
Shujie Li,2116573776,26,6,3,
Dake Zhang,2160876279,8,4,2,David R. Cheriton School of Computer Science
Mustafa Abualsaud,3017884,227,19,7,
M. D. Smucker,1689089,3301,104,25,
Amir Vakili Tahami,2175276527,4,1,1,
M. Yarmohammadi,36491882,544,23,8,
Eugene Agichtein,1685296,11342,204,47,
S. Sanner,1732536,5396,249,37,
Ashton Anderson,32071555,2996,56,20,
Isaac Waller,89922735,116,6,4,
Zheda Mai,1810897333,417,15,6,
Tianshu Shen,2118920433,24,5,3,
Zhaolin Gao,2116493074,64,5,4,
Ron Bodkin,2261058,64,8,4,
Mohamed Reda Bouadjenek,3080469,453,51,12,
George Zerveas,30647302,768,15,6,Brown University
Yuan Wang,2156167137,15,7,2,
Zhiqiang Tao,6018169,1510,54,20,
Yi Fang,2112786578,14,11,2,
J. Culpepper,144159418,2259,144,28,
Oleg Zendel,151163604,75,9,4,RMIT University
Melika P. Ebrahim,2175276447,1,1,1,
Caiming Xiong,2054594326,2966,93,22,
Jia Li,2118372080,374,20,9,
Yong-Guang Chen,2109292621,152,8,4,
Jiayin Zheng,2048017742,9,4,2,
Juanyun Mai,2046903483,14,6,2,
Yanlong Wen,2311315,105,44,5,
Chao Zhang,2152737229,27,14,4,
Tong Xu,50383766,3229,394,31,
Yishi Lin,3213833,194,18,8,
Yue Xu,2143570786,83,13,4,
Zhoujun Li,2144279706,91,31,6,
Zefan Wang,2108727191,77,11,3,
Hao Chen,2149052489,157,17,7,
Feiran Huang,1939569,843,68,17,
Peng He,2112514340,69,6,3,
Xiao Huang,2155093323,33,5,2,
Navid Rekabsaz,2844293,595,62,14,Johannes Kepler University Linz
Carsten Eickhoff,30044743,469,33,8,
Kevin Du,2175276831,0,3,0,
L. Mercurio,5890982,424,30,11,
Daniel Cohen,144011619,307,24,10,
Fangyu Liu,144097210,1135,48,19,Google DeepMind
Mingyu Zhang,1846073400,50,6,3,
Xuanping Li,2144461833,86,2,2,
Xiao Liang,2161389018,3,2,1,
Qi-En Xiao,2150101318,9,2,2,
Bingqing Ke,3458073,28,4,2,
Xun Wang,2115535572,569,18,9,
Dushyant Singh Chauhan,145036777,405,21,9,
Asif Ekbal,1734904,6976,498,41,
Choongwon Park,2175349400,3,1,1,
Youngjoong Ko,37991450,1522,141,20,
Shenzheng Zhang,2167039403,7,3,1,
Ying Du,2167087557,6,1,1,
Nian Wang,2167044593,6,1,1,
Yi Ren,2148378238,13,6,3,
Xunming Zhao,2145743561,9,5,2,
Enhong Chen,2173129111,162,98,7,
Le Dai,2175275233,2,5,1,
Ruixin Li,2150926687,1,2,1,
Xin Lin,2143611803,60,11,3,
Yu Yin,2109472888,719,24,13,
Yanjun Qin,145911036,112,21,6,
Haiyong Luo,34288367,1461,136,21,
Fang Zhao,49372796,1182,120,20,
Chenxing Wang,115877474,78,16,5,
Yuchen Fang,10283826,416,36,7,
Jianxin Li,47785906,1771,164,23,Beihang University
Qianren Mao,67081502,75,16,3,
Hongdong Zhu,2149670456,7,4,2,
Lihong Wang,2108740151,1783,70,18,
Cheng Ji,2052296239,269,14,7,
Hao-yang Peng,79393107,598,47,16,
J. Liu,40478976,9019,1052,37,
Z. Wang,11032852,2948,669,26,
Weiyao Ye,2175279852,7,1,1,
Hui Li,2155493018,78,14,5,
Yewang Chen,50579896,767,42,13,
Guipeng Xv,2118935955,20,6,2,
Jinsong Su,34739384,2860,182,29,
Chen Lin,144724978,45,12,4,
Taehun Huh,2175274593,2,2,1,
Penghui Wei,2118898981,48,14,3,
Bo Zheng,145646411,811,84,11,Harbin institute of technology
Shaoguo Liu,2120051234,41,15,3,
Xuanhua Yang,2165773558,10,6,3,
Liang Wang,2144695316,40,11,4,
Sang-goo Lee,73124469,369,41,9,
Youngrok Ko,121683399,10,4,2,
Jinseok Seol,24074715,101,11,6,
Jinquan Liu,2125714806,8,4,2,
Weimin Zhang,2142977396,27,4,3,
Liang Wang,2144691567,19,11,2,
Ruijie Hou,2073313741,44,16,5,
Vaibhav Gakhreja,2175278915,6,1,1,
Souhitya Chakraborty,2175280949,8,2,2,
Anindya Sundar Das,2148364360,14,5,3,
Tulika Saha,52219377,262,34,10,Indian Institute of Technology Patna
Xu Zhang,2115462783,332,17,11,
Yiqing Wu,2115290068,57,7,3,
Leyu Lin,4950224,1190,66,21,
Qing He,144131273,3400,58,13,
Xingjiao Gao,10822663,197,6,3,
Zhi Li,2118214640,1,4,1,
Ji Zhang,2116921824,504,42,11,
Yin Zhang,46867455,1065,71,16,Zhejiang University
P. Motlícek,2745667,8111,223,26,
Esaú Villatoro-Tello,1398324221,621,67,14,
A. Ivanov,2117701587,319,35,8,
S. Madikeri,1695512,492,60,13,
A. Ganapathiraju,1782807,1901,45,15,
Minh Le Nguyen,1789308,2719,227,22,
Ye Xiong,2175445564,0,1,0,
Teeradaj Racharak,1452350669,11,18,2,
Haoxin Liu,2143856875,70,9,4,
Zhiheng Li,3580276,2218,155,23,
Guanyu Lin,9277993,259,17,7,
Y. Zheng,118961885,416,12,6,
Jie Yang,1688428,25035,1834,75,
Zhu Sun,35040403,856,44,14,
Hui Fang,2113485941,24,5,2,
Kaidong Feng,3113791,80,23,6,
Y. Ong,8748397,2445,95,23,
Xinghua Qu,40507824,202,29,7,
Xi Xiao,2153019995,232,8,6,
Liangcai Su,1571162112,70,10,5,
Ronglin Ma,2165650825,31,2,2,
Jinyang Liu,2108510525,534,34,9,
Xiaoli Wang,2145746253,440,38,9,
Fei Liu,2118168316,17,4,2,
Guofeng Huang,2150072524,26,5,3,
Yefan Huang,1597328852,5,6,2,
Jimmy Lin,2154743374,19,8,3,
Bhaskar Mitra,116506812,5307,64,28,
Daniel Fernando Campos,144081089,2865,48,15,University of Illinois Urbana-Champaign
Emine Yilmaz,49724730,5115,189,35,
Jakub Simko,3165716,341,52,10,
Elena Stefancova,51238270,54,7,4,
Ivan Srba,2129782,577,39,12,
Róbert Móro,144535025,325,47,9,
M. Bieliková,1726847,3606,361,28,
M. Tomlein,1954148,117,16,7,
Branislav Pecher,2051747952,55,8,4,
Itay Harel,40219051,34,7,2,
Hagai Taitelbaum,51258885,81,9,3,
Idan Szpektor,1711977,3001,74,28,
Xiaxia Wang,1524736195,63,10,5,
Qiaosheng Chen,2175564836,0,2,0,
Qing Shi,2175279532,0,2,0,
Tengteng Lin,2143540684,15,5,2,
E. Kharlamov,1697928,3572,203,31,
A. Soylu,153750193,1852,141,22,
Yu Gu,2022231256,158,15,6,The Ohio State University
Basil Ell,3353313,348,35,7,
Ruoqi Zhao,2175350840,0,4,0,
Gong Cheng,2153217431,98,9,7,
Xin Xin,2054666716,20,7,2,
Jiahuan Pei,7616787,83,11,6,
Guojun Yan,2146975074,8,2,2,
Ben Gamari,2175275389,3,2,1,
P. Oza,80199733,37,5,2,
Sumanta Kashyapi,118809131,16,10,3,
Laura Dietz,1793669116,35,15,3,
Connor Lennox,1922252929,22,5,3,
Sophie Fischer,2164704207,18,7,2,
Jeffrey Dalton,145269114,1866,67,15,University of Glasgow
Iain Mackie,145052856,39,14,3,University of Glasgow
Paul Owoicho,2105439683,30,11,4,
Carlos Gemmell,1796270950,24,10,3,
Junzhe Zheng,2175310160,9,2,2,
Ting Li,2118549469,13,5,2,
Feng Xia,2143632907,29,10,3,
Mehdi Naseriparsa,2149932639,17,6,3,
Zhehuan Zhao,3009486,766,34,13,
Jiexin Wang,46583614,50,11,4,
M. Yoshikawa,1740865,5331,371,31,
A. Jatowt,1774986,3765,336,27,
Hoang H. Nguyen,48832834,56,19,3,
Nhat-Minh Nguyen,2175349384,13,4,2,
Dmytro Bozhkov,2175276648,3,3,1,
Z. Ahmadi,1564579160,40,7,4,
Thanh-Nam Doan,32214450,133,22,7,
Rui Guo,2114009505,10,3,2,
Qiong Gao,2117205083,26,3,3,
P. Yang,2107356451,21,4,2,
Guangwei Xu,2149131512,485,23,12,
Kuan-sheng Zou,3271753,13,4,2,
Luxi Xing,30967877,195,34,7,"Institute of Information Engineering, Chinese Academy of Sciences"
Pengjun Xie,35930962,857,54,15,
Dingkun Long,8427191,128,15,5,
Jianfeng Xu,2146054545,17,3,3,
Guanjun Jiang,2084534507,9,3,2,
Wojciech Kusa,50320098,570,17,4,TU Wien
Daria Alexander,2077517715,16,3,2,
Jüri Keller,2149598395,7,6,2,
Philipp Schaer,34588911,681,90,14,Technische Hochschule Köln
Timo Breuer,1491609376,83,19,6,
Trond Linjordet,2066558858,188,9,4,
Domenico Dato,2081723669,104,7,3,
Longquan Jiang,1697318,63,7,5,Universität Hamburg
Olivier Ferret,1679133,1568,222,22,
Hervé Le Borgne,1630430305,75,7,2,
R. Mitkov,1746371,4496,219,34,
Spencer Jones,2164065195,2,1,1,
Constantin Orasan,1786218,2068,144,27,"University of Surrey, UK"
A. Plum,136939562,28,10,3,
Tharindu Ranasinghe,134805041,988,56,16,University of Wolverhampton
Michael Völske,2605675,495,40,12,
Jan Heinrich Reimer,2057734045,24,8,2,Friedrich-Schiller-Universität Jena
Maik Fröbe,1490763899,339,33,11,
Matthias Hagen,145072133,3587,174,29,Friedrich-Schiller-Universität Jena
Dan Saattrup Nielsen,2056898458,34,8,3,Alexandra Institute
Ryan McConville,2095560,556,51,12,University Of Bristol
Azlaan Mustafa Samad,2163948982,12,4,3,
Soham Poddar,1388367454,71,8,5,
Saptarshi Ghosh,143841814,3390,125,31,Indian Institute of Technology Kharagpur
Rajdeep Mukherjee,2182282,91,14,6,Complex Networks Research Group (CNeRG)
Niloy Ganguly,4213990,6715,381,39,"IIT Kharagpur, India"
Javier Sanz-Cruzado,1403723276,96,10,5,
N. Silva,20530230,119,31,5,
Leonardo Rocha,2056618431,42,20,3,
Heitor Werneck,15194967,594,19,7,
Thiago Silva,2147111052,25,6,2,
A. Pereira,38964525,1406,129,17,
Carlos Mito,2175276769,5,4,1,
Justin Clark,2115419888,938,14,7,
Johanne R. Trippas,2528063,759,44,14,
Leila Tavakoli,2104141869,23,5,3,
Chen-Feng Tsai,2175316019,2,2,1,
Yi-Shyuan Chiang,2055778093,14,8,2,
Chuan-Ju Wang,1808412,3430,399,26,
Jing-Kai Lou,3081603,341,25,8,
Yu-Ze Liu,2175971317,2,2,1,
Avishek Anand,2004208434,128,14,7,
Vinay Setty,2852530,1260,50,13,
Zijian Zhang,47295030,80,19,3,L3S Research Center
P. Parameswaran,1477624286,30,9,3,
A. Trotman,145980720,4129,209,35,
Florian Schneider,2057852741,187,16,6,
Chris Biemann,31565315,6808,276,41,
E. W. D. Luca,1692708,1399,125,18,
M. Gonter,2149680,135,27,8,
N. Homner,103376772,0,2,0,
Sebastian Ernst,2175278352,1,4,1,
Viju Sudhi,2121276445,17,7,2,
Andreas Krug,2059513842,30,4,2,
Sabine Wehnert,91112285,38,16,3,
D. Lewis,35153517,18426,94,41,
Congcong Ge,3471001,83,15,6,
Xiaocan Zeng,2175355952,10,6,2,
Yuyang Dong,2815918,77,21,5,
M. Oyamada,37267314,107,21,6,
Milena Bruseva,2175276919,2,2,1,
Satya Almasian,10297746,63,13,5,Heidelberg University
Michael Gertz,40136143,6507,266,37,Heidelberg University
A. Medlar,3222337,1919,60,16,
D. Glowacka,2090521,1136,119,18,
Yang Liu,1614039034,352,24,7,
L. Tamine,1737705,1599,128,22,
François-Paul Servant,2065740596,110,17,5,
José G. Moreno,153230523,71,28,3,
Raphael Sourty,2034015684,94,4,2,
D. Pohl,93689955,23573,656,71,
Dennis Aumiller,1396275349,75,16,6,Database Systems Research Group
E. Nicol,31673611,310,61,10,
J. Briggs,39771817,375,48,8,
Melissa Duheric,2175276328,0,1,0,
Burkhard Schafer,1763107,1780,174,16,
Wendy Moncur,1758268,1434,76,19,
Callum Nash,151384375,21,5,2,
Andrea Simeri,2118310320,26,7,2,
A. Tagarelli,1688359,2146,196,28,
Lucio La Cava,2115944163,46,11,3,University of Calabria
Ilaria Roma,2175276851,3,3,1,
Andres Garcia-Silva,1401950156,1601,52,10,expert.ai
A. Donati,27472488,558,113,11,
Cristian Berrio,2064324876,23,7,3,
J. Martínez-Heras,1405051550,88,13,4,
José Manuél Gómez-Pérez,2420472,1506,134,18,
A. Leuski,3201827,2792,109,28,
Alessandro Speggiorin,2175276993,1,3,1,
Lauren Xie,2159548831,2,2,1,
Xiaoxiao Shang,29915563,153,16,5,
Sabiq Khan,2159557245,2,2,1,
Yihan Fang,2112787440,3,4,1,
Qiming Yuan,153930486,2344,18,6,
Subramaniam Vincent,2006386662,11,7,2,
Zhiyuan Peng,2151722870,4,6,1,
Liam Watts,2175276945,1,1,1,
Maciej Rybiński,2051958499,113,41,6,
Sarvnaz Karimi,2051958976,34,28,3,
Zezhong Xu,2136396192,50,8,4,
Yajing Xu,2156549998,32,5,3,
Hongtao Yu,2156549538,10,4,2,
Xian-gan Chen,2143735289,40,5,4,
Zhen Yao,2113322859,26,10,3,
Yufen Huang,2108692967,142,15,6,
Mingyang Chen,2134563447,30,9,4,
Feiyu Xiong,2068169902,151,24,6,Alibaba Group
Tuulikki Alamettälä,1855726,62,12,4,
Paavo Arvola,35004884,322,46,9,
Jiangxu Lin,2175305646,7,3,2,
Yu Yang,2116466625,9,4,2,
Xiaolian Zhang,2175970915,7,4,2,
Meng Wang,2146058661,63,6,3,
Ke Chen,2152953644,143,33,7,
Dawei Jiang,48219927,858,34,10,
Linzhu Yu,2175315261,0,2,0,
L. Shou,144128216,1624,148,19,
Vuk Vuković,15103921,379,59,10,
Huan Chang,2116909850,399,7,3,
Andreas Spitz,15803441,406,50,13,École polytechnique fédérale de Lausanne (EPFL)
Robert West,145387102,8077,323,36,
Akhil Arora,2644814,462,21,8,EPFL
Wenchao Xiu,49546893,249,6,4,
Yiran Wang,2125429595,9,5,2,
Yifan Yang,2108989490,64,6,4,
Qin Zhang,2144098176,2,2,1,
Gong Zhang,2115982390,8,3,1,
Zhonghuo Wu,2175322225,0,1,0,
Taofeng Xue,104792066,14,11,2,
Kaili Zhang,2158521744,3,6,1,
E. Moura,1733769,3455,128,31,
Daniela Vianna,145601543,69,15,5,
Weidong Zhang,2175457788,0,1,0,
Sudeep Das,49656071,27,5,2,
Vickie Zhang,2175275523,0,1,0,
Ivan Provalov,3113907,42,3,2,
Xiangyu Xi,2268306,92,17,4,
Yue Zhu,2175460609,3,1,1,
Zhaoxin Huan,50815987,36,9,3,
Linjian Mo,2118895602,47,23,3,
Jun Zhou,2151551686,310,24,6,
Qintong Wu,2155452030,10,5,2,
Jinjie Gu,50771151,174,46,7,
Xiaolu Zhang,2118044462,560,41,12,
Lihong Gu,2069591698,28,16,3,
Yong He,2145948819,31,14,3,
Gongduo Zhang,2163387380,9,4,2,
Henry S. Vieira,145494894,15,5,2,LuizaLabs
Scott Rome,2175277260,0,1,0,
Richard Walsh,2175277691,0,1,0,
Kevin Foley,2175278491,0,1,0,
Sardar Hamidian,3457858,375,10,6,
Ferhan Ture,52416773,73,15,6,
Arnold Overwijk,2734525,934,23,8,
Md Tahmid Rahman Laskar,46437970,250,22,10,York University
Jonathan Johnston,2164384867,19,2,2,
Shashi Bhushan TN,2175276863,9,1,1,
Simon Corston-Oliver,1403806833,1332,42,15,
Xue-Yong Fu,2130534016,38,8,4,
Cheng Chen,2145775089,78,11,5,
Yanheng Wei,1981344,47,7,3,
M. Schwoerer,3399766,14199,196,51,
Ioannis Kangas,2126517411,9,2,2,
Lucas Bernardi,38239271,190,14,7,
R. Starzl,49789786,4,3,2,
Daniel Clothiaux,7197436,388,5,2,
